<?xml version="1.0" encoding="UTF-8"?>
<definitions xmlns="http://www.omg.org/spec/BPMN/20100524/MODEL" xmlns:xsi="http://www.w3.org/2001/XMLSchema-instance" xmlns:activiti="http://activiti.org/bpmn" xmlns:bpmndi="http://www.omg.org/spec/BPMN/20100524/DI" xmlns:omgdc="http://www.omg.org/spec/DD/20100524/DC" xmlns:omgdi="http://www.omg.org/spec/DD/20100524/DI" typeLanguage="http://www.w3.org/2001/XMLSchema" expressionLanguage="http://www.w3.org/1999/XPath" targetNamespace="http://www.kafeitu.me/demo/activiti/leave">
  <process id="leave-dynamic-from" name="请假流程-动态表单">
    <documentation>请假流程演示-动态表单</documentation>
    <startEvent id="startevent1" name="Start">
      <extensionElements>
        <activiti:formProperty id="applyer" name="申请人" type="string" value="${applyer}" readable="true" writable="false"></activiti:formProperty>
      </extensionElements>
    </startEvent>
    <userTask id="deptLeaderAudit" name="部门领导审批" activiti:candidateGroups="deptLeader"></userTask>
    <exclusiveGateway id="exclusivegateway5" name="Exclusive Gateway"></exclusiveGateway>
    <userTask id="modifyApply" name="调整申请" activiti:assignee="${applyUserId}">
      <extensionElements>
        <activiti:taskListener event="complete" delegateExpression="${afterModifyApplyContentProcessor}"></activiti:taskListener>
      </extensionElements>
    </userTask>
    <userTask id="hrAudit" name="人事审批" activiti:candidateGroups="hr"></userTask>
    <exclusiveGateway id="exclusivegateway6" name="Exclusive Gateway"></exclusiveGateway>
    <userTask id="reportBack" name="销假" activiti:assignee="${applyUserId}">
      <extensionElements>
        <activiti:taskListener event="complete" delegateExpression="${reportBackEndProcessor}"></activiti:taskListener>
      </extensionElements>
    </userTask>
    <endEvent id="endevent1" name="End"></endEvent>
    <exclusiveGateway id="exclusivegateway7" name="Exclusive Gateway"></exclusiveGateway>
    <sequenceFlow id="flow2" name="" sourceRef="startevent1" targetRef="deptLeaderAudit"></sequenceFlow>
    <sequenceFlow id="flow3" name="" sourceRef="deptLeaderAudit" targetRef="exclusivegateway5"></sequenceFlow>
    <sequenceFlow id="flow4" name="不同意" sourceRef="exclusivegateway5" targetRef="modifyApply">
      <conditionExpression xsi:type="tFormalExpression"><![CDATA[${!deptLeaderPass}]]></conditionExpression>
    </sequenceFlow>
    <sequenceFlow id="flow5" name="同意" sourceRef="exclusivegateway5" targetRef="hrAudit">
      <conditionExpression xsi:type="tFormalExpression"><![CDATA[${deptLeaderPass}]]></conditionExpression>
    </sequenceFlow>
    <sequenceFlow id="flow6" name="" sourceRef="hrAudit" targetRef="exclusivegateway6"></sequenceFlow>
    <sequenceFlow id="flow7" name="同意" sourceRef="exclusivegateway6" targetRef="reportBack">
      <conditionExpression xsi:type="tFormalExpression"><![CDATA[${hrPass}]]></conditionExpression>
    </sequenceFlow>
    <sequenceFlow id="flow8" name="" sourceRef="reportBack" targetRef="endevent1"></sequenceFlow>
    <sequenceFlow id="flow9" name="不同意" sourceRef="exclusivegateway6" targetRef="modifyApply">
      <conditionExpression xsi:type="tFormalExpression"><![CDATA[${!hrPass}]]></conditionExpression>
    </sequenceFlow>
    <sequenceFlow id="flow10" name="重新申请" sourceRef="exclusivegateway7" targetRef="deptLeaderAudit">
      <conditionExpression xsi:type="tFormalExpression"><![CDATA[${reApply}]]></conditionExpression>
    </sequenceFlow>
    <sequenceFlow id="flow11" name="" sourceRef="modifyApply" targetRef="exclusivegateway7"></sequenceFlow>
    <sequenceFlow id="flow12" name="结束流程" sourceRef="exclusivegateway7" targetRef="endevent1">
      <conditionExpression xsi:type="tFormalExpression"><![CDATA[${!reApply}]]></conditionExpression>
    </sequenceFlow>
  </process>
  <bpmndi:BPMNDiagram id="BPMNDiagram_leave-dynamic-from">
    <bpmndi:BPMNPlane bpmnElement="leave-dynamic-from" id="BPMNPlane_leave-dynamic-from">
      <bpmndi:BPMNShape bpmnElement="startevent1" id="BPMNShape_startevent1">
        <omgdc:Bounds height="35" width="35" x="10" y="90"></omgdc:Bounds>
      </bpmndi:BPMNShape>
      <bpmndi:BPMNShape bpmnElement="deptLeaderAudit" id="BPMNShape_deptLeaderAudit">
        <omgdc:Bounds height="55" width="105" x="90" y="80"></omgdc:Bounds>
      </bpmndi:BPMNShape>
      <bpmndi:BPMNShape bpmnElement="exclusivegateway5" id="BPMNShape_exclusivegateway5">
        <omgdc:Bounds height="40" width="40" x="250" y="87"></omgdc:Bounds>
      </bpmndi:BPMNShape>
      <bpmndi:BPMNShape bpmnElement="modifyApply" id="BPMNShape_modifyApply">
        <omgdc:Bounds height="55" width="105" x="218" y="190"></omgdc:Bounds>
      </bpmndi:BPMNShape>
      <bpmndi:BPMNShape bpmnElement="hrAudit" id="BPMNShape_hrAudit">
        <omgdc:Bounds height="55" width="105" x="358" y="80"></omgdc:Bounds>
      </bpmndi:BPMNShape>
      <bpmndi:BPMNShape bpmnElement="exclusivegateway6" id="BPMNShape_exclusivegateway6">
        <omgdc:Bounds height="40" width="40" x="495" y="87"></omgdc:Bounds>
      </bpmndi:BPMNShape>
      <bpmndi:BPMNShape bpmnElement="reportBack" id="BPMNShape_reportBack">
        <omgdc:Bounds height="55" width="105" x="590" y="80"></omgdc:Bounds>
      </bpmndi:BPMNShape>
      <bpmndi:BPMNShape bpmnElement="endevent1" id="BPMNShape_endevent1">
        <omgdc:Bounds height="35" width="35" x="625" y="283"></omgdc:Bounds>
      </bpmndi:BPMNShape>
      <bpmndi:BPMNShape bpmnElement="exclusivegateway7" id="BPMNShape_exclusivegateway7">
        <omgdc:Bounds height="40" width="40" x="250" y="280"></omgdc:Bounds>
      </bpmndi:BPMNShape>
      <bpmndi:BPMNEdge bpmnElement="flow2" id="BPMNEdge_flow2">
        <omgdi:waypoint x="45" y="107"></omgdi:waypoint>
        <omgdi:waypoint x="90" y="107"></omgdi:waypoint>
      </bpmndi:BPMNEdge>
      <bpmndi:BPMNEdge bpmnElement="flow3" id="BPMNEdge_flow3">
        <omgdi:waypoint x="195" y="107"></omgdi:waypoint>
        <omgdi:waypoint x="250" y="107"></omgdi:waypoint>
      </bpmndi:BPMNEdge>
      <bpmndi:BPMNEdge bpmnElement="flow4" id="BPMNEdge_flow4">
        <omgdi:waypoint x="270" y="127"></omgdi:waypoint>
        <omgdi:waypoint x="270" y="190"></omgdi:waypoint>
        <bpmndi:BPMNLabel>
          <omgdc:Bounds height="13" width="100" x="10" y="0"></omgdc:Bounds>
        </bpmndi:BPMNLabel>
      </bpmndi:BPMNEdge>
      <bpmndi:BPMNEdge bpmnElement="flow5" id="BPMNEdge_flow5">
        <omgdi:waypoint x="290" y="107"></omgdi:waypoint>
        <omgdi:waypoint x="358" y="107"></omgdi:waypoint>
        <bpmndi:BPMNLabel>
          <omgdc:Bounds height="13" width="100" x="-24" y="-17"></omgdc:Bounds>
        </bpmndi:BPMNLabel>
      </bpmndi:BPMNEdge>
      <bpmndi:BPMNEdge bpmnElement="flow6" id="BPMNEdge_flow6">
        <omgdi:waypoint x="463" y="107"></omgdi:waypoint>
        <omgdi:waypoint x="495" y="107"></omgdi:waypoint>
      </bpmndi:BPMNEdge>
      <bpmndi:BPMNEdge bpmnElement="flow7" id="BPMNEdge_flow7">
        <omgdi:waypoint x="535" y="107"></omgdi:waypoint>
        <omgdi:waypoint x="590" y="107"></omgdi:waypoint>
        <bpmndi:BPMNLabel>
          <omgdc:Bounds height="13" width="100" x="-27" y="-17"></omgdc:Bounds>
        </bpmndi:BPMNLabel>
      </bpmndi:BPMNEdge>
      <bpmndi:BPMNEdge bpmnElement="flow8" id="BPMNEdge_flow8">
        <omgdi:waypoint x="642" y="135"></omgdi:waypoint>
        <omgdi:waypoint x="642" y="283"></omgdi:waypoint>
      </bpmndi:BPMNEdge>
      <bpmndi:BPMNEdge bpmnElement="flow9" id="BPMNEdge_flow9">
        <omgdi:waypoint x="515" y="127"></omgdi:waypoint>
        <omgdi:waypoint x="514" y="217"></omgdi:waypoint>
        <omgdi:waypoint x="323" y="217"></omgdi:waypoint>
        <bpmndi:BPMNLabel>
          <omgdc:Bounds height="13" width="100" x="10" y="0"></omgdc:Bounds>
        </bpmndi:BPMNLabel>
      </bpmndi:BPMNEdge>
      <bpmndi:BPMNEdge bpmnElement="flow10" id="BPMNEdge_flow10">
        <omgdi:waypoint x="250" y="300"></omgdi:waypoint>
        <omgdi:waypoint x="142" y="299"></omgdi:waypoint>
        <omgdi:waypoint x="142" y="135"></omgdi:waypoint>
        <bpmndi:BPMNLabel>
          <omgdc:Bounds height="13" width="100" x="10" y="0"></omgdc:Bounds>
        </bpmndi:BPMNLabel>
      </bpmndi:BPMNEdge>
      <bpmndi:BPMNEdge bpmnElement="flow11" id="BPMNEdge_flow11">
        <omgdi:waypoint x="270" y="245"></omgdi:waypoint>
        <omgdi:waypoint x="270" y="280"></omgdi:waypoint>
      </bpmndi:BPMNEdge>
      <bpmndi:BPMNEdge bpmnElement="flow12" id="BPMNEdge_flow12">
        <omgdi:waypoint x="290" y="300"></omgdi:waypoint>
        <omgdi:waypoint x="625" y="300"></omgdi:waypoint>
        <bpmndi:BPMNLabel>
          <omgdc:Bounds height="13" width="100" x="10" y="0"></omgdc:Bounds>
        </bpmndi:BPMNLabel>
      </bpmndi:BPMNEdge>
    </bpmndi:BPMNPlane>
  </bpmndi:BPMNDiagram>
</definitions>